model,dataset,task,level,median_tokens_per_sample,global_avg_tokens_per_sample,global_avg_latency_sec,ratio_latency_sec_per_sample,regression_latency_sec_per_sample,n_windows,r2
codellama,LFD,is_vulnerable_patch,L1,598.0,957.9,6.5,4.058,6.296,9,0.971
codellama,LFD,is_vulnerable_patch,L2,1224.0,957.9,6.5,8.306,6.706,9,0.971
codellama,LFD,is_vulnerable_patch,L3,1933.0,957.9,6.5,13.117,7.171,9,0.971
codellama,LFD,is_vulnerable_patch_cve_cwe,L1,631.0,990.9,6.5,4.139,6.291,9,0.9694
codellama,LFD,is_vulnerable_patch_cve_cwe,L2,1257.0,990.9,6.5,8.246,6.756,9,0.9694
codellama,LFD,is_vulnerable_patch_cve_cwe,L3,1966.0,990.9,6.5,12.896,7.283,9,0.9694
codellama,LFD,is_vulnerable_vuln,L1,552.0,915.9,6.5,3.917,6.239,9,0.9935
codellama,LFD,is_vulnerable_vuln,L2,1281.0,915.9,6.5,9.091,6.765,9,0.9935
codellama,LFD,is_vulnerable_vuln,L3,1808.0,915.9,6.5,12.831,7.145,9,0.9935
codellama,LFD,is_vulnerable_vuln_cve_cwe,L1,588.0,948.9,6.5,4.028,6.283,9,0.9825
codellama,LFD,is_vulnerable_vuln_cve_cwe,L2,1314.0,948.9,6.5,9.001,6.776,9,0.9825
codellama,LFD,is_vulnerable_vuln_cve_cwe,L3,1841.0,948.9,6.5,12.611,7.135,9,0.9825
codellama,PBD,is_vulnerable_patch,L1,720.0,1662.0,6.9,2.989,6.682,30,0.1348
codellama,PBD,is_vulnerable_patch,L2,1451.0,1662.0,6.9,6.024,6.856,30,0.1348
codellama,PBD,is_vulnerable_patch,L3,2010.0,1662.0,6.9,8.345,6.99,30,0.1348
codellama,PBD,is_vulnerable_patch_cve_cwe,L1,753.0,1694.5,6.95,3.089,6.674,30,0.1471
codellama,PBD,is_vulnerable_patch_cve_cwe,L2,1483.0,1694.5,6.95,6.083,6.856,30,0.1471
codellama,PBD,is_vulnerable_patch_cve_cwe,L3,2043.0,1694.5,6.95,8.38,6.995,30,0.1471
codellama,PBD,is_vulnerable_vuln,L1,713.0,1610.2,6.9,3.055,6.465,30,0.5006
codellama,PBD,is_vulnerable_vuln,L2,1234.0,1610.2,6.9,5.288,6.721,30,0.5006
codellama,PBD,is_vulnerable_vuln,L3,1932.0,1610.2,6.9,8.279,7.064,30,0.5006
codellama,PBD,is_vulnerable_vuln_cve_cwe,L1,746.0,1642.7,6.9,3.134,6.524,30,0.3765
codellama,PBD,is_vulnerable_vuln_cve_cwe,L2,1266.0,1642.7,6.9,5.318,6.74,30,0.3765
codellama,PBD,is_vulnerable_vuln_cve_cwe,L3,1965.0,1642.7,6.9,8.254,7.029,30,0.3765
deepseek,LFD,is_vulnerable_patch,L1,352.0,545.0,10.75,6.943,11.95,18,0.0612
deepseek,LFD,is_vulnerable_patch,L2,641.0,545.0,10.75,12.644,11.198,18,0.0612
deepseek,LFD,is_vulnerable_patch,L3,1119.0,545.0,10.75,22.072,9.955,18,0.0612
deepseek,LFD,is_vulnerable_patch_cve_cwe,L1,372.0,565.0,7.5,4.938,8.776,18,0.2641
deepseek,LFD,is_vulnerable_patch_cve_cwe,L2,661.0,565.0,7.5,8.774,7.395,18,0.2641
deepseek,LFD,is_vulnerable_patch_cve_cwe,L3,1141.0,565.0,7.5,15.146,5.101,18,0.2641
deepseek,LFD,is_vulnerable_vuln,L1,338.0,523.3,11.35,7.331,12.487,18,0.0553
deepseek,LFD,is_vulnerable_vuln,L2,676.0,523.3,11.35,14.662,11.474,18,0.0553
deepseek,LFD,is_vulnerable_vuln,L3,1055.0,523.3,11.35,22.882,10.339,18,0.0553
deepseek,LFD,is_vulnerable_vuln_cve_cwe,L1,358.0,543.3,7.4,4.876,8.007,18,0.0016
deepseek,LFD,is_vulnerable_vuln_cve_cwe,L2,696.0,543.3,7.4,9.48,7.847,18,0.0016
deepseek,LFD,is_vulnerable_vuln_cve_cwe,L3,1077.0,543.3,7.4,14.669,7.668,18,0.0016
deepseek,PBD,is_vulnerable_patch,L1,413.0,919.1,11.05,4.965,12.207,60,0.0394
deepseek,PBD,is_vulnerable_patch,L2,816.0,919.1,11.05,9.81,11.753,60,0.0394
deepseek,PBD,is_vulnerable_patch,L3,1232.0,919.1,11.05,14.812,11.284,60,0.0394
deepseek,PBD,is_vulnerable_patch_cve_cwe,L1,435.0,941.1,6.3,2.912,8.116,60,0.1781
deepseek,PBD,is_vulnerable_patch_cve_cwe,L2,838.0,941.1,6.3,5.61,7.148,60,0.1781
deepseek,PBD,is_vulnerable_patch_cve_cwe,L3,1254.0,941.1,6.3,8.395,6.15,60,0.1781
deepseek,PBD,is_vulnerable_vuln,L1,415.0,885.2,12.6,5.907,13.359,30,0.1433
deepseek,PBD,is_vulnerable_vuln,L2,716.0,885.2,12.6,10.191,12.817,30,0.1433
deepseek,PBD,is_vulnerable_vuln,L3,1118.0,885.2,12.6,15.913,12.093,30,0.1433
deepseek,PBD,is_vulnerable_vuln_cve_cwe,L1,437.0,935.4,7.1,3.317,8.454,59,0.0941
deepseek,PBD,is_vulnerable_vuln_cve_cwe,L2,738.0,935.4,7.1,5.602,7.93,59,0.0941
deepseek,PBD,is_vulnerable_vuln_cve_cwe,L3,1140.0,935.4,7.1,8.653,7.23,59,0.0941
llama,LFD,is_vulnerable_patch,L1,413.0,635.5,5.4,3.509,5.356,9,0.8346
llama,LFD,is_vulnerable_patch,L2,775.0,635.5,5.4,6.585,5.455,9,0.8346
llama,LFD,is_vulnerable_patch,L3,1265.0,635.5,5.4,10.749,5.589,9,0.8346
llama,LFD,is_vulnerable_patch_cve_cwe,L1,438.0,657.5,5.4,3.597,5.423,9,0.119
llama,LFD,is_vulnerable_patch_cve_cwe,L2,797.0,657.5,5.4,6.546,5.45,9,0.119
llama,LFD,is_vulnerable_patch_cve_cwe,L3,1287.0,657.5,5.4,10.57,5.488,9,0.119
llama,LFD,is_vulnerable_vuln,L1,387.0,606.6,5.4,3.445,5.342,9,0.9337
llama,LFD,is_vulnerable_vuln,L2,816.0,606.6,5.4,7.264,5.463,9,0.9337
llama,LFD,is_vulnerable_vuln,L3,1195.0,606.6,5.4,10.638,5.57,9,0.9337
llama,LFD,is_vulnerable_vuln_cve_cwe,L1,411.0,628.6,5.4,3.531,5.353,9,0.8495
llama,LFD,is_vulnerable_vuln_cve_cwe,L2,838.0,628.6,5.4,7.199,5.475,9,0.8495
llama,LFD,is_vulnerable_vuln_cve_cwe,L3,1217.0,628.6,5.4,10.455,5.583,9,0.8495
llama,PBD,is_vulnerable_patch,L1,477.0,1088.7,5.5,2.41,5.407,30,0.0028
llama,PBD,is_vulnerable_patch,L2,930.0,1088.7,5.5,4.698,5.42,30,0.0028
llama,PBD,is_vulnerable_patch,L3,1380.0,1088.7,5.5,6.972,5.433,30,0.0028
llama,PBD,is_vulnerable_patch_cve_cwe,L1,499.0,1110.7,5.5,2.471,5.414,30,0.7229
llama,PBD,is_vulnerable_patch_cve_cwe,L2,952.0,1110.7,5.5,4.714,5.495,30,0.7229
llama,PBD,is_vulnerable_patch_cve_cwe,L3,1402.0,1110.7,5.5,6.942,5.576,30,0.7229
llama,PBD,is_vulnerable_vuln,L1,471.0,1043.7,5.5,2.482,5.398,30,0.0049
llama,PBD,is_vulnerable_vuln,L2,866.0,1043.7,5.5,4.564,5.413,30,0.0049
llama,PBD,is_vulnerable_vuln,L3,1283.0,1043.7,5.5,6.761,5.428,30,0.0049
llama,PBD,is_vulnerable_vuln_cve_cwe,L1,493.0,1065.7,5.5,2.544,5.399,30,0.2816
llama,PBD,is_vulnerable_vuln_cve_cwe,L2,888.0,1065.7,5.5,4.583,5.461,30,0.2816
llama,PBD,is_vulnerable_vuln_cve_cwe,L3,1305.0,1065.7,5.5,6.735,5.526,30,0.2816
mistral,LFD,is_vulnerable_patch,L1,574.0,944.7,0.1,0.061,0.1,6,0.0
mistral,LFD,is_vulnerable_patch,L2,1169.0,944.7,0.1,0.124,0.1,6,0.0
mistral,LFD,is_vulnerable_patch,L3,1838.0,944.7,0.1,0.195,0.1,6,0.0
mistral,LFD,is_vulnerable_patch_cve_cwe,L1,607.0,994.4,0.1,0.061,0.121,6,0.0066
mistral,LFD,is_vulnerable_patch_cve_cwe,L2,1202.0,994.4,0.1,0.121,0.116,6,0.0066
mistral,LFD,is_vulnerable_patch_cve_cwe,L3,1871.0,994.4,0.1,0.188,0.111,6,0.0066
mistral,LFD,is_vulnerable_vuln,L1,536.0,879.6,0.1,0.061,0.1,6,0.0
mistral,LFD,is_vulnerable_vuln,L2,1222.0,879.6,0.1,0.139,0.1,6,0.0
mistral,LFD,is_vulnerable_vuln,L3,1722.0,879.6,0.1,0.196,0.1,6,0.0
mistral,LFD,is_vulnerable_vuln_cve_cwe,L1,576.0,912.6,0.1,0.063,0.1,6,0.0
mistral,LFD,is_vulnerable_vuln_cve_cwe,L2,1255.0,912.6,0.1,0.138,0.1,6,0.0
mistral,LFD,is_vulnerable_vuln_cve_cwe,L3,1755.0,912.6,0.1,0.192,0.1,6,0.0
mistral,PBD,is_vulnerable_patch,L1,687.0,1611.0,0.1,0.043,0.084,28,0.3312
mistral,PBD,is_vulnerable_patch,L2,1343.0,1611.0,0.1,0.083,0.1,28,0.3312
mistral,PBD,is_vulnerable_patch,L3,1972.0,1611.0,0.1,0.122,0.116,28,0.3312
mistral,PBD,is_vulnerable_patch_cve_cwe,L1,719.0,1664.9,0.1,0.043,0.062,26,0.3275
mistral,PBD,is_vulnerable_patch_cve_cwe,L2,1375.0,1664.9,0.1,0.083,0.107,26,0.3275
mistral,PBD,is_vulnerable_patch_cve_cwe,L3,2005.0,1664.9,0.1,0.12,0.15,26,0.3275
mistral,PBD,is_vulnerable_vuln,L1,688.0,1560.6,0.1,0.044,0.08,27,0.3997
mistral,PBD,is_vulnerable_vuln,L2,1216.0,1560.6,0.1,0.078,0.095,27,0.3997
mistral,PBD,is_vulnerable_vuln,L3,1844.0,1560.6,0.1,0.118,0.113,27,0.3997
mistral,PBD,is_vulnerable_vuln_cve_cwe,L1,720.0,1594.8,0.1,0.045,0.082,26,0.1704
mistral,PBD,is_vulnerable_vuln_cve_cwe,L2,1248.0,1594.8,0.1,0.078,0.104,26,0.1704
mistral,PBD,is_vulnerable_vuln_cve_cwe,L3,1877.0,1594.8,0.1,0.118,0.13,26,0.1704
qwen3_coder,LFD,is_vulnerable_patch,L1,416.0,637.3,28.95,18.897,29.882,18,0.0453
qwen3_coder,LFD,is_vulnerable_patch,L2,775.0,637.3,28.95,35.205,28.793,18,0.0453
qwen3_coder,LFD,is_vulnerable_patch,L3,1268.0,637.3,28.95,57.6,27.298,18,0.0453
qwen3_coder,LFD,is_vulnerable_patch_cve_cwe,L1,445.0,666.3,31.6,21.105,32.474,18,0.1293
qwen3_coder,LFD,is_vulnerable_patch_cve_cwe,L2,804.0,666.3,31.6,38.131,31.109,18,0.1293
qwen3_coder,LFD,is_vulnerable_patch_cve_cwe,L3,1297.0,666.3,31.6,61.512,29.234,18,0.1293
qwen3_coder,LFD,is_vulnerable_vuln,L1,389.0,609.7,26.2,16.716,26.929,18,0.005
qwen3_coder,LFD,is_vulnerable_vuln,L2,816.0,609.7,26.2,35.065,26.671,18,0.005
qwen3_coder,LFD,is_vulnerable_vuln,L3,1198.0,609.7,26.2,51.48,26.441,18,0.005
qwen3_coder,LFD,is_vulnerable_vuln_cve_cwe,L1,420.0,638.7,31.15,20.484,30.592,18,0.0001
qwen3_coder,LFD,is_vulnerable_vuln_cve_cwe,L2,845.0,638.7,31.15,41.211,30.637,18,0.0001
qwen3_coder,LFD,is_vulnerable_vuln_cve_cwe,L3,1227.0,638.7,31.15,59.842,30.678,18,0.0001
qwen3_coder,PBD,is_vulnerable_patch,L1,480.0,1096.7,43.8,19.17,49.756,60,0.0004
qwen3_coder,PBD,is_vulnerable_patch,L2,935.0,1096.7,43.8,37.342,49.326,60,0.0004
qwen3_coder,PBD,is_vulnerable_patch,L3,1432.0,1096.7,43.8,57.191,48.856,60,0.0004
qwen3_coder,PBD,is_vulnerable_patch_cve_cwe,L1,508.0,1125.3,33.5,15.123,34.427,60,0.0387
qwen3_coder,PBD,is_vulnerable_patch_cve_cwe,L2,964.0,1125.3,33.5,28.698,33.552,60,0.0387
qwen3_coder,PBD,is_vulnerable_patch_cve_cwe,L3,1461.0,1125.3,33.5,43.494,32.599,60,0.0387
qwen3_coder,PBD,is_vulnerable_vuln,L1,471.0,1061.7,42.75,18.965,51.894,60,0.0035
qwen3_coder,PBD,is_vulnerable_vuln,L2,868.0,1061.7,42.75,34.951,50.721,60,0.0035
qwen3_coder,PBD,is_vulnerable_vuln,L3,1319.0,1061.7,42.75,53.11,49.388,60,0.0035
qwen3_coder,PBD,is_vulnerable_vuln_cve_cwe,L1,500.0,1090.1,29.3,13.439,30.888,30,0.2095
qwen3_coder,PBD,is_vulnerable_vuln_cve_cwe,L2,896.0,1090.1,29.3,24.083,29.656,30,0.2095
qwen3_coder,PBD,is_vulnerable_vuln_cve_cwe,L3,1348.0,1090.1,29.3,36.232,28.251,30,0.2095
starcoder,LFD,is_vulnerable_patch,L1,510.0,818.9,4.8,2.989,4.544,9,0.9224
starcoder,LFD,is_vulnerable_patch,L2,1011.0,818.9,4.8,5.926,4.934,9,0.9224
starcoder,LFD,is_vulnerable_patch,L3,1738.0,818.9,4.8,10.187,5.5,9,0.9224
starcoder,LFD,is_vulnerable_patch_cve_cwe,L1,539.0,849.9,4.8,3.044,4.612,9,0.9278
starcoder,LFD,is_vulnerable_patch_cve_cwe,L2,1042.0,849.9,4.8,5.885,4.932,9,0.9278
starcoder,LFD,is_vulnerable_patch_cve_cwe,L3,1767.0,849.9,4.8,9.98,5.393,9,0.9278
starcoder,LFD,is_vulnerable_vuln,L1,498.0,783.6,6.9,4.385,6.777,9,0.7189
starcoder,LFD,is_vulnerable_vuln,L2,1056.0,783.6,6.9,9.299,7.056,9,0.7189
starcoder,LFD,is_vulnerable_vuln,L3,1638.0,783.6,6.9,14.423,7.348,9,0.7189
starcoder,LFD,is_vulnerable_vuln_cve_cwe,L1,527.0,814.6,4.8,3.105,4.599,9,0.9163
starcoder,LFD,is_vulnerable_vuln_cve_cwe,L2,1087.0,814.6,4.8,6.405,4.977,9,0.9163
starcoder,LFD,is_vulnerable_vuln_cve_cwe,L3,1667.0,814.6,4.8,9.823,5.369,9,0.9163
starcoder,PBD,is_vulnerable_patch,L1,614.0,1408.3,5.4,2.354,4.763,30,0.5382
starcoder,PBD,is_vulnerable_patch,L2,1235.0,1408.3,5.4,4.735,5.132,30,0.5382
starcoder,PBD,is_vulnerable_patch,L3,1777.0,1408.3,5.4,6.814,5.454,30,0.5382
starcoder,PBD,is_vulnerable_patch_cve_cwe,L1,643.0,1436.9,5.4,2.416,4.745,30,0.5559
starcoder,PBD,is_vulnerable_patch_cve_cwe,L2,1263.0,1436.9,5.4,4.746,5.122,30,0.5559
starcoder,PBD,is_vulnerable_patch_cve_cwe,L3,1806.0,1436.9,5.4,6.787,5.452,30,0.5559
starcoder,PBD,is_vulnerable_vuln,L1,619.0,1359.9,7.3,3.323,6.876,30,0.6437
starcoder,PBD,is_vulnerable_vuln,L2,1103.0,1359.9,7.3,5.921,7.093,30,0.6437
starcoder,PBD,is_vulnerable_vuln,L3,1720.0,1359.9,7.3,9.233,7.369,30,0.6437
starcoder,PBD,is_vulnerable_vuln_cve_cwe,L1,648.0,1388.3,5.35,2.497,4.708,30,0.6445
starcoder,PBD,is_vulnerable_vuln_cve_cwe,L2,1131.0,1388.3,5.35,4.358,5.036,30,0.6445
starcoder,PBD,is_vulnerable_vuln_cve_cwe,L3,1749.0,1388.3,5.35,6.74,5.456,30,0.6445
